iteracao,valor_objetivo,media_coeficientes,total_cruzamentos
1,0.000000,0.000000,299
2,0.000000,0.000000,299
3,0.000000,0.000000,299
4,0.000000,0.000000,299
5,0.000000,0.000000,299
6,0.000000,0.000000,299
7,0.000000,0.000000,299
8,0.000000,0.000000,299
9,0.000000,0.000000,299
10,0.000000,0.000000,299
11,0.000000,0.000000,299
12,0.000000,0.000000,299
13,0.000000,0.000000,299
14,0.000000,0.000000,299
15,0.000000,0.000000,299
